Column1,Column2,Column3,Column4,Column5,Column6,Column7,Column8,Column9,Column10
Data11,Data21,Data31,Data41,Data51,Data61,Data71,Data81,Data91,Data101
Data12,Data22,Data32,Data42,Data52,Data62,Data72,Data82,Data92,Data102
Data13,Data23,Data33,Data43,Data53,Data63,Data73,Data83,Data93,Data103
Data14,Data24,Data34,Data44,Data54,Data64,Data74,Data84,Data94,Data104
Data15,Data25,Data35,Data45,Data55,Data65,Data75,Data85,Data95,Data105
Data16,Data26,Data36,Data46,Data56,Data66,Data76,Data86,Data96,Data106
Data17,Data27,Data37,Data47,Data57,Data67,Data77,Data87,Data97,Data107
Data18,Data28,Data38,Data48,Data58,Data68,Data78,Data88,Data98,Data108
Data19,Data29,Data39,Data49,Data59,Data69,Data79,Data89,Data99,Data109
Data20,Data30,Data40,Data50,Data60,Data70,Data80,Data90,Data100,Data110
